term,value
PoseNet term,0.07873055315441395
SegNet term,0.07102
Rate term,0.18450075
